<?xml version="1.0" encoding="UTF-8" ?>
<!DOCTYPE log4j:configuration SYSTEM  "log4j.dtd">

<log4j:configuration xmlns:log4j="http://jakarta.apache.org/log4j/"
                     xmlns:xsi="http://www.w3.org/2001/XMLSchema-instance"
                     xsi:schemaLocation="http://jakarta.apache.org/log4j/ ">

    <appender name="console" class="org.apache.log4j.ConsoleAppender">
        <param name="Target" value="System.out"/>
        <layout class="org.apache.log4j.PatternLayout">
            <param name="ConversionPattern" value="%d{HH:mm:ss,SSS} %-5p %c{1} [%x] %m%n"/>
        </layout>
    </appender>

    <appender name="debug" class="org.apache.log4j.DailyRollingFileAppender">
        <param name="File" value="/arima/logs/surveybuilder/surveybuilder-debug.log"/>
        <param name="Threshold" value="debug"/>
        <param name="DatePattern" value="'.'yyyy-MM-dd'.log'"/>
        <layout class="org.apache.log4j.PatternLayout">
            <param name="ConversionPattern"
                   value="%d{yyyy-MM-dd HH:mm:ss,SSS} %-5p %c{1} [%x] [%t] - %m%n"/>
        </layout>
    </appender>

    <appender name="error" class="org.apache.log4j.DailyRollingFileAppender">
        <param name="File" value="/arima/logs/surveybuilder/surveybuilder-error.log"/>
        <param name="Threshold" value="error"/>
        <param name="DatePattern" value="'.'yyyy-MM-dd'.log'"/>
        <layout class="org.apache.log4j.PatternLayout">
            <param name="ConversionPattern"
                   value="%d{yyyy-MM-dd HH:mm:ss,SSS} %-5p %c{1} [%x] [%t] - %m%n"/>
        </layout>
    </appender>

    <logger name="com.arima">
        <level value="debug"/>
        <appender-ref ref="debug"/>
    </logger>

    <root>
        <priority value="error"/>
        <appender-ref ref="error"/>
    </root>

</log4j:configuration>
