<?xml version="1.0" encoding="UTF-8"?>
<beans xmlns:xsi="http://www.w3.org/2001/XMLSchema-instance"
       xmlns:context="http://www.springframework.org/schema/context"
       xmlns="http://www.springframework.org/schema/beans"
       xmlns:task="http://www.springframework.org/schema/task"
       xsi:schemaLocation="http://www.springframework.org/schema/beans
        http://www.springframework.org/schema/beans/spring-beans-2.5.xsd
        http://www.springframework.org/schema/context
        http://www.springframework.org/schema/context/spring-context.xsd
        http://www.springframework.org/schema/task
        http://www.springframework.org/schema/task/spring-task-3.1.xsd">

    <context:annotation-config/>

    <context:component-scan base-package="com.arima.surveybuilder"/>

    <context:property-placeholder location="classpath:surveybuilder-server.properties"/>

    <bean id="questionApi" class="com.arima.surveybuilderder.api.questionApi"/>

    <bean id="jsonProvider" class="com.fasterxml.jackson.jaxrs.json.JacksonJsonProvider"/>

    <bean id="corsFilter" class="org.apache.cxf.rs.security.cors.CrossOriginResourceSharingFilter"/>

    <bean id="exceptionHandler" class="com.arima.surveybuilder.util.ApiExceptionHandler"/>

    <import resource="surveybuilder-server-rest-context.xml"/>

    <import resource="surveybuilder-data-config.xml"/>

</beans>
